obs,s_eua,f_eua,s_cer,f_cer,time_to_mat
2013-01-01,6.44,,0.34,0.88,4.17054263565892
2013-01-02,6.4,,0.35,0.87,4.16666666666667
2013-01-03,6.23,,0.37,0.86,4.16279069767442
2013-01-04,6.17,,0.37,0.76,4.15891472868218
2013-01-07,6.49,,0.41,0.89,4.15503875968993
2013-01-08,6.3,,0.4,0.87,4.15116279069768
2013-01-09,6.05,,0.44,0.83,4.14728682170543
2013-01-10,5.89,,0.44,0.83,4.14341085271318
2013-01-11,5.75,,0.4,0.79,4.13953488372094
2013-01-14,5.74,,0.38,0.73,4.13565891472869
2013-01-15,5.91,,0.38,0.74,4.13178294573644
2013-01-16,5.5,,0.35,0.66,4.12790697674419
2013-01-17,5.47,,0.34,0.66,4.12403100775194
2013-01-18,4.98,,0.31,0.59,4.1201550387597
2013-01-21,4.83,,0.32,0.64,4.11627906976745
2013-01-22,5.32,,0.35,0.65,4.1124031007752
2013-01-23,4.53,,0.32,0.62,4.10852713178295
2013-01-24,4.23,,0.34,0.66,4.1046511627907
2013-01-25,4.01,,0.33,0.63,4.10077519379846
2013-01-28,4.08,,0.35,0.64,4.09689922480621
2013-01-29,3.89,,0.35,0.63,4.09302325581396
2013-01-30,3.7,,0.35,0.63,4.08914728682171
2013-01-31,3.33,,0.34,0.6,4.08527131782946
2013-02-01,4.23,,0.33,0.61,4.08139534883722
2013-02-04,4.21,,0.35,0.62,4.07751937984497
2013-02-05,4.3,,0.34,0.61,4.07364341085272
2013-02-06,4.07,,0.33,0.6,4.06976744186047
2013-02-07,4.09,,0.33,0.66,4.06589147286822
2013-02-08,4.44,,0.34,0.67,4.06201550387597
2013-02-11,4.37,,0.35,0.68,4.05813953488373
2013-02-12,4.47,,0.33,0.68,4.05426356589148
2013-02-13,5.11,,0.28,0.66,4.05038759689923
2013-02-14,5.13,,0.3,0.65,4.04651162790698
2013-02-15,5.07,,0.3,0.67,4.04263565891473
2013-02-18,4.99,,0.3,0.67,4.03875968992249
2013-02-19,4.57,,0.33,0.71,4.03488372093024
2013-02-20,4.86,,0.31,0.68,4.03100775193799
2013-02-21,5.18,,0.32,0.68,4.02713178294574
2013-02-22,5.07,,0.32,0.67,4.02325581395349
2013-02-25,4.47,,0.32,0.66,4.01937984496125
2013-02-26,4.2,,0.33,0.67,4.015503875969
2013-02-27,4.37,,0.37,0.68,4.01162790697675
2013-02-28,4.8,,0.35,0.7,4.0077519379845
2013-03-01,4.57,,0.32,0.69,4.00387596899225
2013-03-04,4.53,,0.3,0.68,4.00000000000001
2013-03-05,4.14,,0.31,0.67,3.99612403100776
2013-03-06,4.19,,0.31,0.69,3.99224806201551
2013-03-07,4.24,,0.31,0.7,3.98837209302326
2013-03-08,4.18,,0.33,0.7,3.98449612403101
2013-03-11,3.88,,0.33,0.67,3.98062015503876
2013-03-12,3.66,,0.31,0.63,3.97674418604652
2013-03-13,3.45,,0.3,0.63,3.97286821705427
2013-03-14,3.63,,0.3,0.63,3.96899224806202
2013-03-15,3.71,,0.31,0.63,3.96511627906977
2013-03-18,3.48,,0.3,0.62,3.96124031007752
2013-03-19,3.45,,0.31,0.62,3.95736434108528
2013-03-20,3.9,,0.31,0.62,3.95348837209303
2013-03-21,4.35,,0.31,0.62,3.94961240310078
2013-03-22,4.08,,0.3,0.61,3.94573643410853
2013-03-25,4.42,,0.32,0.62,3.94186046511628
2013-03-26,4.55,,0.32,0.62,3.93798449612404
2013-03-27,4.88,,0.32,0.63,3.93410852713179
2013-03-28,4.74,,0.32,0.63,3.93023255813954
2013-03-29,4.74,,0.32,0.63,3.92635658914729
2013-04-01,4.74,,0.32,0.63,3.92248062015504
2013-04-02,4.87,,0.32,0.64,3.9186046511628
2013-04-03,4.85,,0.34,0.67,3.91472868217055
2013-04-04,4.97,,0.37,0.67,3.9108527131783
2013-04-05,5.1,,0.41,0.69,3.90697674418605
2013-04-08,5.12,,0.43,0.72,3.9031007751938
2013-04-09,4.71,,0.41,0.69,3.89922480620156
2013-04-10,4.23,,0.39,0.68,3.89534883720931
2013-04-11,4.28,,0.39,0.69,3.89147286821706
2013-04-12,4.7,,0.4,0.69,3.88759689922481
2013-04-15,4.68,,0.41,0.7,3.88372093023256
2013-04-16,3.03,,0.3,0.62,3.87984496124031
2013-04-17,2.7,,0.23,0.55,3.87596899224807
2013-04-18,3.02,,0.24,0.56,3.87209302325582
2013-04-19,3.11,,0.24,0.56,3.86821705426357
2013-04-22,2.84,,0.24,0.56,3.86434108527132
2013-04-23,3.05,,0.23,0.45,3.86046511627907
2013-04-24,2.98,,0.24,0.46,3.85658914728683
2013-04-25,2.92,,0.24,0.46,3.85271317829458
2013-04-26,3.05,,0.25,0.47,3.84883720930233
2013-04-29,3.26,,0.26,0.48,3.84496124031008
2013-04-30,3.07,,0.26,0.52,3.84108527131783
2013-05-01,2.87,,0.25,0.51,3.83720930232559
2013-05-02,3.04,,0.26,0.53,3.83333333333334
2013-05-03,3.73,,0.29,0.56,3.82945736434109
2013-05-06,3.86,,0.3,0.57,3.82558139534884
2013-05-07,3.69,,0.31,0.6,3.82170542635659
2013-05-08,3.44,,0.34,0.62,3.81782945736435
2013-05-09,3.74,,0.4,0.67,3.8139534883721
2013-05-10,3.33,,0.42,0.69,3.81007751937985
2013-05-13,3.22,,0.39,0.67,3.8062015503876
2013-05-14,3.47,,0.39,0.67,3.80232558139535
2013-05-15,3.59,,0.41,0.68,3.79844961240311
2013-05-16,3.65,,0.4,0.67,3.79457364341086
2013-05-17,3.49,,0.38,0.67,3.79069767441861
2013-05-20,3.56,,0.36,0.66,3.78682170542636
2013-05-21,3.51,,0.39,0.67,3.78294573643411
2013-05-22,3.28,,0.35,0.62,3.77906976744187
2013-05-23,3.36,,0.37,0.64,3.77519379844962
2013-05-24,3.51,,0.35,0.62,3.77131782945737
2013-05-27,3.45,,0.38,0.65,3.76744186046512
2013-05-28,3.6,,0.38,0.67,3.76356589147287
2013-05-29,3.7,,0.39,0.69,3.75968992248062
2013-05-30,3.77,,0.39,0.69,3.75581395348838
2013-05-31,3.91,,0.4,0.7,3.75193798449613
2013-06-03,3.87,,0.4,0.7,3.74806201550388
2013-06-04,3.91,,0.4,0.71,3.74418604651163
2013-06-05,3.86,,0.38,0.69,3.74031007751938
2013-06-06,3.95,,0.38,0.68,3.73643410852714
2013-06-07,4.07,,0.4,0.7,3.73255813953489
2013-06-10,4,,0.4,0.7,3.72868217054264
2013-06-11,4.16,,0.42,0.71,3.72480620155039
2013-06-12,4.46,,0.45,0.74,3.72093023255814
2013-06-13,4.38,,0.45,0.74,3.7170542635659
2013-06-14,4.74,,0.45,0.74,3.71317829457365
2013-06-17,4.55,,0.46,0.75,3.7093023255814
2013-06-18,4.67,,0.46,0.74,3.70542635658915
2013-06-19,4.35,,0.46,0.72,3.7015503875969
2013-06-20,4.4,,0.48,0.72,3.69767441860466
2013-06-21,4.35,,0.48,0.72,3.69379844961241
2013-06-24,4.09,,0.49,0.72,3.68992248062016
2013-06-25,4.27,,0.47,0.71,3.68604651162791
2013-06-26,4.41,,0.48,0.72,3.68217054263566
2013-06-27,4.42,,0.49,0.72,3.67829457364342
2013-06-28,4.2,,0.5,0.73,3.67441860465117
2013-07-01,4.23,,0.51,0.74,3.67054263565892
2013-07-02,4.28,,0.52,0.77,3.66666666666667
2013-07-03,4.68,,0.56,0.8,3.66279069767442
2013-07-04,4.54,,0.56,0.8,3.65891472868218
2013-07-05,4.28,,0.54,0.78,3.65503875968993
2013-07-08,4.23,,0.54,0.78,3.65116279069768
2013-07-09,4.16,,0.51,0.75,3.64728682170543
2013-07-10,4.04,,0.53,0.77,3.64341085271318
2013-07-11,4.08,,0.54,0.78,3.63953488372093
2013-07-12,4.03,,0.55,0.78,3.63565891472869
2013-07-15,4.04,,0.53,0.76,3.63178294573644
2013-07-16,4.12,,0.52,0.75,3.62790697674419
2013-07-17,4.12,,0.53,0.76,3.62403100775194
2013-07-18,4.12,,0.49,0.73,3.62015503875969
2013-07-19,4.18,,0.5,0.74,3.61627906976745
2013-07-22,4.2,,0.51,0.73,3.6124031007752
2013-07-23,4.25,,0.53,0.75,3.60852713178295
2013-07-24,4.29,,0.56,0.78,3.6046511627907
2013-07-25,4.29,,0.56,0.78,3.60077519379845
2013-07-26,4.32,,0.57,0.79,3.59689922480621
2013-07-29,4.32,,0.56,0.78,3.59302325581396
2013-07-30,4.27,,0.57,0.76,3.58914728682171
2013-07-31,4.32,,0.57,0.76,3.58527131782946
2013-08-01,4.33,,0.57,0.76,3.58139534883721
2013-08-02,4.38,,0.59,0.81,3.57751937984497
2013-08-05,4.41,,0.64,0.85,3.57364341085272
2013-08-06,4.5,,0.65,0.86,3.56976744186047
2013-08-07,4.44,,0.63,0.82,3.56589147286822
2013-08-08,4.51,,0.63,0.83,3.56201550387597
2013-08-09,4.44,,0.62,0.81,3.55813953488373
2013-08-12,4.31,,0.62,0.82,3.55426356589148
2013-08-13,4.29,,0.6,0.8,3.55038759689923
2013-08-14,4.35,,0.61,0.81,3.54651162790698
2013-08-15,4.35,,0.6,0.8,3.54263565891473
2013-08-16,4.35,,0.61,0.81,3.53875968992249
2013-08-19,4.32,,0.61,0.81,3.53488372093024
2013-08-20,4.34,,0.6,0.8,3.53100775193799
2013-08-21,4.36,,0.6,0.8,3.52713178294574
2013-08-22,4.51,,0.61,0.81,3.52325581395349
2013-08-23,4.42,,0.62,0.83,3.51937984496124
2013-08-26,4.41,,0.62,0.83,3.515503875969
2013-08-27,4.53,,0.61,0.82,3.51162790697675
2013-08-28,4.59,,0.6,0.81,3.5077519379845
2013-08-29,4.58,,0.6,0.81,3.50387596899225
2013-08-30,4.55,,0.59,0.8,3.5
2013-09-02,4.49,,0.58,0.8,3.49612403100776
2013-09-03,4.4,,0.58,0.8,3.49224806201551
2013-09-04,4.54,,0.56,0.79,3.48837209302326
2013-09-05,4.95,,0.57,0.8,3.48449612403101
2013-09-06,5.32,,0.6,0.83,3.48062015503876
2013-09-09,5.3,,0.62,0.83,3.47674418604652
2013-09-10,5.12,,0.61,0.82,3.47286821705427
2013-09-11,5.25,,0.63,0.82,3.46899224806202
2013-09-12,5.61,,0.68,0.88,3.46511627906977
2013-09-13,5.39,,0.69,0.88,3.46124031007752
2013-09-16,5.46,,0.69,0.88,3.45736434108528
2013-09-17,5.66,,0.7,0.9,3.45348837209303
2013-09-18,5.52,,0.7,0.9,3.44961240310078
2013-09-19,5.35,,0.71,0.89,3.44573643410853
2013-09-20,5.35,,0.72,0.89,3.44186046511628
2013-09-23,5.41,,0.7,0.89,3.43798449612404
2013-09-24,5.37,,0.68,0.87,3.43410852713179
2013-09-25,5.37,,0.67,0.86,3.43023255813954
2013-09-26,5.46,,0.64,0.82,3.42635658914729
2013-09-27,5.39,,0.64,0.82,3.42248062015504
2013-09-30,5.02,,0.65,0.82,3.41860465116279
2013-10-01,5.15,,0.62,0.8,3.41472868217055
2013-10-02,5.28,,0.62,0.8,3.4108527131783
2013-10-03,5.2,,0.61,0.79,3.40697674418605
2013-10-04,5.11,,0.6,0.79,3.4031007751938
2013-10-07,4.97,,0.6,0.78,3.39922480620155
2013-10-08,4.87,,0.59,0.77,3.39534883720931
2013-10-09,4.8,,0.58,0.76,3.39147286821706
2013-10-10,4.77,,0.55,0.73,3.38759689922481
2013-10-11,4.62,,0.53,0.71,3.38372093023256
2013-10-14,4.82,,0.54,0.71,3.37984496124031
2013-10-15,4.96,,0.51,0.69,3.37596899224807
2013-10-16,5.34,,0.53,0.71,3.37209302325582
2013-10-17,5.18,,0.53,0.71,3.36821705426357
2013-10-18,5.13,,0.53,0.71,3.36434108527132
2013-10-21,4.59,,0.5,0.69,3.36046511627907
2013-10-22,4.71,,0.51,0.7,3.35658914728683
2013-10-23,4.62,,0.51,0.7,3.35271317829458
2013-10-24,4.67,,0.51,0.7,3.34883720930233
2013-10-25,5.01,,0.53,0.72,3.34496124031008
2013-10-28,4.83,,0.52,0.7,3.34108527131783
2013-10-29,5.09,,0.52,0.7,3.33720930232559
2013-10-30,4.97,,0.51,0.7,3.33333333333334
2013-10-31,4.81,,0.51,0.7,3.32945736434109
2013-11-01,4.62,,0.5,0.69,3.32558139534884
2013-11-04,4.56,,0.5,0.69,3.32170542635659
2013-11-05,4.8,,0.51,0.7,3.31782945736435
2013-11-06,4.78,,0.51,0.71,3.3139534883721
2013-11-07,4.8,,0.51,0.71,3.31007751937985
2013-11-08,4.49,,0.5,0.69,3.3062015503876
2013-11-11,4.61,,0.497,0.687,3.30232558139535
2013-11-12,4.65,,0.507,0.697,3.2984496124031
2013-11-13,4.65,,0.517,0.687,3.29457364341086
2013-11-14,4.59,,0.486,0.687,3.29069767441861
2013-11-15,4.5,,0.426,0.636,3.28682170542636
2013-11-18,4.35,,0.386,0.607,3.28294573643411
2013-11-19,4.42,,0.422,0.607,3.27906976744186
2013-11-20,4.49,,0.422,0.596,3.27519379844962
2013-11-21,4.41,,0.386,0.563,3.27131782945737
2013-11-22,4.43,,0.41,0.574,3.26744186046512
2013-11-25,4.4,,0.41,0.57,3.26356589147287
2013-11-26,4.49,,0.386,0.57,3.25968992248062
2013-11-27,4.47,,0.386,0.548,3.25581395348838
2013-11-28,4.43,,0.386,0.536,3.25193798449613
2013-11-29,4.36,,0.373,0.525,3.24806201550388
2013-12-02,4.5,,0.373,0.525,3.24418604651163
2013-12-03,4.48,,0.398,0.548,3.24031007751938
2013-12-04,4.48,,0.398,0.548,3.23643410852714
2013-12-05,4.64,,0.398,0.548,3.23255813953489
2013-12-06,4.79,,0.422,0.57,3.22868217054264
2013-12-09,4.9,,0.411,0.574,3.22480620155039
2013-12-10,5.02,,0.443,0.618,3.22093023255814
2013-12-11,4.88,,0.443,0.618,3.2170542635659
2013-12-12,4.9,,0.443,0.662,3.21317829457365
2013-12-13,4.8,,0.411,0.673,3.2093023255814
2013-12-16,4.67,,0.411,0.662,3.20542635658915
2013-12-17,4.91,,0.4,0.673,3.2015503875969
2013-12-18,4.89,,0.357,0.662,3.19767441860465
2013-12-19,4.94,,0.335,0.662,3.19379844961241
2013-12-20,4.78,,0.357,0.64,3.18992248062016
2013-12-23,4.79,,0.357,0.64,3.18604651162791
2013-12-24,4.92,,0.357,0.662,3.18217054263566
2013-12-25,4.92,,0.357,0.662,3.17829457364341
2013-12-26,4.92,,0.357,0.662,3.17441860465117
2013-12-27,4.94,,0.346,0.662,3.17054263565892
2013-12-30,4.93,,0.346,0.662,3.16666666666667
2013-12-31,4.86,,0.346,0.64,3.16279069767442
2014-01-01,4.8,,0.346,0.64,3.15891472868217
2014-01-02,4.74,,0.346,0.607,3.15503875968993
2014-01-03,4.72,,0.368,0.596,3.15116279069768
2014-01-06,4.64,,0.335,0.618,3.14728682170543
2014-01-07,4.69,,0.368,0.618,3.14341085271318
2014-01-08,4.58,,0.357,0.607,3.13953488372093
2014-01-09,4.51,,0.346,0.618,3.13565891472869
2014-01-10,4.53,,0.346,0.596,3.13178294573644
2014-01-13,4.63,,0.357,0.585,3.12790697674419
2014-01-14,4.83,,0.378,0.607,3.12403100775194
2014-01-15,4.82,,0.378,0.618,3.12015503875969
2014-01-16,5.07,,0.432,0.618,3.11627906976745
2014-01-17,5.07,,0.432,0.629,3.1124031007752
2014-01-20,4.93,,0.425,0.621,3.10852713178295
2014-01-21,5.04,,0.425,0.621,3.1046511627907
2014-01-22,5.13,,0.447,0.644,3.10077519379845
2014-01-23,5.03,,0.436,0.633,3.09689922480621
2014-01-24,5.26,,0.436,0.644,3.09302325581396
2014-01-27,5.37,,0.436,0.644,3.08914728682171
2014-01-28,5.52,,0.47,0.655,3.08527131782946
2014-01-29,5.5,,0.47,0.655,3.08139534883721
2014-01-30,5.71,,0.481,0.644,3.07751937984496
2014-01-31,5.52,,0.481,0.678,3.07364341085272
2014-02-03,5.84,,0.481,0.678,3.06976744186047
2014-02-04,5.82,,0.481,0.666,3.06589147286822
2014-02-05,6.07,,0.47,0.666,3.06201550387597
2014-02-06,6.44,,0.459,0.655,3.05813953488372
2014-02-07,6.42,,0.447,0.644,3.05426356589148
2014-02-10,6.4,,0.447,0.644,3.05038759689923
2014-02-11,6.24,,0.425,0.633,3.04651162790698
2014-02-12,6.35,,0.425,0.633,3.04263565891473
2014-02-13,6.38,,0.403,0.621,3.03875968992248
2014-02-14,6.58,,0.425,0.621,3.03488372093024
2014-02-17,6.8,,0.417,0.629,3.03100775193799
2014-02-18,6.74,,0.383,0.584,3.02713178294574
2014-02-19,6.91,,0.383,0.629,3.02325581395349
2014-02-20,6.98,,0.383,0.618,3.01937984496124
2014-02-21,7.13,,0.371,0.607,3.015503875969
2014-02-24,7,,0.371,0.607,3.01162790697675
2014-02-25,6.21,,0.348,0.584,3.0077519379845
2014-02-26,6.48,,0.336,0.573,3.00387596899225
2014-02-27,6.5,,0.325,0.584,3
2014-02-28,7.06,,0.301,0.584,2.99612403100776
2014-03-03,6.61,,0.293,0.581,2.99224806201551
2014-03-04,6.81,,0.318,0.57,2.98837209302326
2014-03-05,6.77,,0.318,0.592,2.98449612403101
2014-03-06,6.8,,0.293,0.581,2.98062015503876
2014-03-07,6.9,,0.293,0.603,2.97674418604652
2014-03-10,6.89,,0.243,0.574,2.97286821705427
2014-03-11,6.82,,0.272,0.574,2.96899224806202
2014-03-12,6.5,,0.257,0.562,2.96511627906977
2014-03-13,6.43,,0.2,0.574,2.96124031007752
2014-03-14,6.29,,0.243,0.574,2.95736434108527
2014-03-17,5.87,,0.2,0.562,2.95348837209303
2014-03-18,5.75,,0.186,0.562,2.94961240310078
2014-03-19,5.99,,0.186,0.562,2.94573643410853
2014-03-20,6.01,,0.186,0.562,2.94186046511628
2014-03-21,6.18,,0.215,0.562,2.93798449612403
2014-03-24,5.86,,0.219,0.566,2.93410852713179
2014-03-25,5.85,,0.205,0.566,2.93023255813954
2014-03-26,5.8,,0.219,0.52,2.92635658914729
2014-03-27,5.17,,0.219,0.52,2.92248062015504
2014-03-28,4.34,,0.219,0.52,2.91860465116279
2014-03-31,4.64,,0.233,0.52,2.91472868217055
2014-04-01,5.04,,0.247,0.508,2.9108527131783
2014-04-02,4.82,,0.219,0.485,2.90697674418605
2014-04-03,4.85,,0.219,0.485,2.9031007751938
2014-04-04,4.68,,0.219,0.474,2.89922480620155
2014-04-07,4.97,,0.219,0.474,2.89534883720931
2014-04-08,4.85,,0.233,0.485,2.89147286821706
2014-04-09,4.93,,0.233,0.485,2.88759689922481
2014-04-10,5.11,,0.233,0.485,2.88372093023256
2014-04-11,5.31,,0.233,0.485,2.87984496124031
2014-04-14,5.23,,0.219,0.474,2.87596899224807
2014-04-15,5.53,,0.219,0.497,2.87209302325582
2014-04-16,5.45,,0.219,0.474,2.86821705426357
2014-04-17,5.54,,0.233,0.485,2.86434108527132
2014-04-21,5.54,,0.233,0.485,2.86046511627907
2014-04-22,5.67,,0.233,0.485,2.85658914728682
2014-04-23,5.66,,0.233,0.508,2.85271317829458
2014-04-24,5.71,,0.205,0.497,2.84883720930233
2014-04-25,5.06,,0.219,0.474,2.84496124031008
2014-04-28,5.2,,0.219,0.474,2.84108527131783
2014-04-29,5.41,,0.219,0.474,2.83720930232558
2014-04-30,5.4,,0.205,0.474,2.83333333333334
2014-05-01,5.41,,0.192,0.474,2.82945736434109
2014-05-02,5.18,,0.205,0.474,2.82558139534884
2014-05-05,5.21,,0.205,0.474,2.82170542635659
2014-05-06,5.22,,0.205,0.462,2.81782945736434
2014-05-07,5.12,,0.178,0.439,2.8139534883721
2014-05-08,5.13,,0.178,0.439,2.81007751937985
2014-05-09,5.24,,0.151,0.439,2.8062015503876
2014-05-12,5.3,,0.151,0.439,2.80232558139535
2014-05-13,5.28,,0.164,0.427,2.7984496124031
2014-05-14,5.1,,0.164,0.404,2.79457364341086
2014-05-15,4.77,,0.164,0.416,2.79069767441861
2014-05-16,4.79,,0.164,0.381,2.78682170542636
2014-05-19,4.69,,0.164,0.393,2.78294573643411
2014-05-20,4.84,,0.137,0.381,2.77906976744186
2014-05-21,5.12,,0.164,0.381,2.77519379844962
2014-05-22,5.16,,0.123,0.3,2.77131782945737
2014-05-23,5.12,,0.11,0.3,2.76744186046512
2014-05-26,5.09,,0.123,0.312,2.76356589147287
2014-05-27,5.17,,0.123,0.312,2.75968992248062
2014-05-28,5.2,,0.123,0.312,2.75581395348838
2014-05-29,5.2,,0.123,0.312,2.75193798449613
2014-05-30,5.05,,0.11,0.3,2.74806201550388
2014-06-02,5.14,,0.11,0.312,2.74418604651163
2014-06-03,5.43,,0.11,0.312,2.74031007751938
2014-06-04,5.39,,0.123,0.3,2.73643410852713
2014-06-05,5.54,,0.123,0.323,2.73255813953489
2014-06-06,5.44,,0.123,0.312,2.72868217054264
2014-06-09,5.53,,0.123,0.312,2.72480620155039
2014-06-10,5.49,,0.151,0.323,2.72093023255814
2014-06-11,5.36,,0.164,0.335,2.71705426356589
2014-06-12,5.55,,0.178,0.335,2.71317829457365
2014-06-13,5.66,,0.185,0.341,2.7093023255814
2014-06-16,5.63,,0.192,0.346,2.70542635658915
2014-06-17,5.7,,0.178,0.335,2.7015503875969
2014-06-18,5.65,,0.192,0.335,2.69767441860465
2014-06-19,5.54,,0.192,0.335,2.69379844961241
2014-06-20,5.65,,0.205,0.346,2.68992248062016
2014-06-23,5.79,,0.192,0.346,2.68604651162791
2014-06-24,5.74,,0.192,0.37,2.68217054263566
2014-06-25,5.71,,0.205,0.393,2.67829457364341
2014-06-26,5.7,,0.205,0.393,2.67441860465117
2014-06-27,5.76,,0.192,0.381,2.67054263565892
2014-06-30,5.81,,0.219,0.393,2.66666666666667
2014-07-01,6.03,,0.233,0.427,2.66279069767442
2014-07-02,6.09,,0.233,0.416,2.65891472868217
2014-07-03,6.01,,0.219,0.462,2.65503875968993
2014-07-04,5.67,,0.233,0.497,2.65116279069768
2014-07-07,5.56,,0.233,0.485,2.64728682170543
2014-07-08,5.75,,0.219,0.485,2.64341085271318
2014-07-09,5.81,,0.205,0.474,2.63953488372093
2014-07-10,5.68,,0.192,0.462,2.63565891472868
2014-07-11,5.74,,0.205,0.474,2.63178294573644
2014-07-14,5.88,,0.205,0.45,2.62790697674419
2014-07-15,5.94,,0.205,0.474,2.62403100775194
2014-07-16,6.04,,0.205,0.462,2.62015503875969
2014-07-17,6.15,,0.205,0.474,2.61627906976744
2014-07-18,6,,0.205,0.474,2.6124031007752
2014-07-21,6.06,,0.205,0.474,2.60852713178295
2014-07-22,6.17,,0.205,0.462,2.6046511627907
2014-07-23,6.17,,0.219,0.462,2.60077519379845
2014-07-24,6.05,,0.219,0.474,2.5968992248062
2014-07-25,6.13,,0.219,0.474,2.59302325581396
2014-07-28,6.19,,0.233,0.474,2.58914728682171
2014-07-29,6.03,,0.452,0.474,2.58527131782946
2014-07-30,6.13,,0.233,0.474,2.58139534883721
2014-07-31,6.21,,0.233,0.474,2.57751937984496
2014-08-01,6.27,,0.219,0.474,2.57364341085272
2014-08-04,6.23,,0.219,0.485,2.56976744186047
2014-08-05,6.2,,0.219,0.485,2.56589147286822
2014-08-06,6.21,,0.219,0.485,2.56201550387597
2014-08-07,5.94,,0.219,0.462,2.55813953488372
2014-08-08,5.97,,0.219,0.474,2.55426356589148
2014-08-11,6.13,,0.233,0.474,2.55038759689923
2014-08-12,6.11,,0.233,0.485,2.54651162790698
2014-08-13,6.23,,0.233,0.485,2.54263565891473
2014-08-14,6.23,,0.219,0.474,2.53875968992248
2014-08-15,6.38,,0.219,0.485,2.53488372093024
2014-08-18,6.34,,0.233,0.485,2.53100775193799
2014-08-19,6.43,,0.233,0.485,2.52713178294574
2014-08-20,6.41,,0.233,0.485,2.52325581395349
2014-08-21,6.34,,0.233,0.485,2.51937984496124
2014-08-22,6.35,,0.233,0.485,2.51550387596899
2014-08-25,6.32,,0.233,0.474,2.51162790697675
2014-08-26,6.29,,0.233,0.462,2.5077519379845
2014-08-27,6.35,,0.219,0.45,2.50387596899225
2014-08-28,6.43,,0.233,0.474,2.5
2014-08-29,6.38,,0.219,0.474,2.49612403100775
2014-09-01,6.39,,0.219,0.462,2.49224806201551
2014-09-02,6.38,,0.219,0.45,2.48837209302326
2014-09-03,6.32,,0.219,0.462,2.48449612403101
2014-09-04,6.11,,0.219,0.462,2.48062015503876
2014-09-05,6.26,,0.205,0.45,2.47674418604651
2014-09-08,6.27,,0.219,0.462,2.47286821705427
2014-09-09,6.12,,0.219,0.474,2.46899224806202
2014-09-10,6.08,,0.205,0.462,2.46511627906977
2014-09-11,6.1,,0.205,0.462,2.46124031007752
2014-09-12,6.04,,0.205,0.462,2.45736434108527
2014-09-15,5.93,,0.192,0.462,2.45348837209303
2014-09-16,5.79,,0.192,0.462,2.44961240310078
2014-09-17,5.88,,0.192,0.462,2.44573643410853
2014-09-18,5.97,,0.178,0.45,2.44186046511628
2014-09-19,6.01,,0.178,0.45,2.43798449612403
2014-09-22,5.98,,0.178,0.45,2.43410852713179
2014-09-23,5.65,,0.178,0.45,2.43023255813954
2014-09-24,5.8,,0.164,0.462,2.42635658914729
2014-09-25,5.8,,0.164,0.45,2.42248062015504
2014-09-26,5.91,,0.164,0.45,2.41860465116279
2014-09-29,5.75,,0.164,0.45,2.41472868217055
2014-09-30,5.84,,0.151,0.45,2.4108527131783
2014-10-01,5.81,,0.151,0.45,2.40697674418605
2014-10-02,5.69,,0.164,0.462,2.4031007751938
2014-10-03,5.68,,0.151,0.45,2.39922480620155
2014-10-06,5.68,,0.151,0.45,2.3953488372093
2014-10-07,5.73,,0.151,0.439,2.39147286821706
2014-10-08,6.05,,0.151,0.439,2.38759689922481
2014-10-09,6.12,,0.123,0.439,2.38372093023256
2014-10-10,6.04,,0.123,0.439,2.37984496124031
2014-10-13,6.06,,0.11,0.439,2.37596899224806
2014-10-14,6.08,,0.123,0.427,2.37209302325582
2014-10-15,6.15,,0.137,0.439,2.36821705426357
2014-10-16,6.21,,0.096,0.427,2.36434108527132
2014-10-17,6.13,,0.096,0.427,2.36046511627907
2014-10-20,6.13,,0.096,0.427,2.35658914728682
2014-10-21,6.17,,0.096,0.427,2.35271317829458
2014-10-22,6.22,,0.096,0.439,2.34883720930233
2014-10-23,6.33,,0.096,0.45,2.34496124031008
2014-10-24,6.4,,0.096,0.45,2.34108527131783
2014-10-27,6.28,,0.096,0.45,2.33720930232558
2014-10-28,6.15,,0.096,0.462,2.33333333333334
2014-10-29,6.41,,0.123,0.485,2.32945736434109
2014-10-30,6.41,,0.123,0.474,2.32558139534884
2014-10-31,6.34,,0.137,0.474,2.32170542635659
2014-11-03,6.569,,0.123,0.485,2.31782945736434
2014-11-04,6.479,,0.123,0.485,2.3139534883721
2014-11-05,6.639,,0.137,0.531,2.31007751937985
2014-11-06,6.619,,0.123,0.531,2.3062015503876
2014-11-07,6.749,,0.123,0.543,2.30232558139535
2014-11-10,6.709,,0.123,0.554,2.2984496124031
2014-11-11,6.789,,0.123,0.589,2.29457364341085
2014-11-12,6.839,,0.123,0.589,2.29069767441861
2014-11-13,6.779,,0.123,0.589,2.28682170542636
2014-11-14,6.609,,0.123,0.566,2.28294573643411
2014-11-17,6.889,7.19,0.11,0.577,2.27906976744186
2014-11-18,7.009,7.31,0.11,0.577,2.27519379844961
2014-11-19,7.029,7.34,0.11,0.589,2.27131782945737
2014-11-20,6.949,7.25,0.11,0.589,2.26744186046512
2014-11-21,6.989,7.29,0.11,0.589,2.26356589147287
2014-11-24,7.039,7.34,0.11,0.612,2.25968992248062
2014-11-25,7.108,7.415,0.103,0.606,2.25581395348837
2014-11-26,7.178,7.49,0.096,0.601,2.25193798449613
2014-11-27,7.078,7.39,0.096,0.624,2.24806201550388
2014-11-28,7.029,7.33,0.082,0.67,2.24418604651163
2014-12-01,7.058,7.36,0.068,0.693,2.24031007751938
2014-12-02,6.839,7.12,0.055,0.67,2.23643410852713
2014-12-03,6.879,7.17,0.055,0.67,2.23255813953489
2014-12-04,6.829,7.12,0.055,0.658,2.22868217054264
2014-12-05,6.649,6.92,0.055,0.67,2.22480620155039
2014-12-08,6.649,6.93,0.041,0.658,2.22093023255814
2014-12-09,6.729,7.01,0.041,0.635,2.21705426356589
2014-12-10,6.549,6.82,0.027,0.624,2.21317829457365
2014-12-11,6.729,7,0.041,0.601,2.2093023255814
2014-12-12,6.649,6.91,0.027,0.577,2.20542635658915
2014-12-15,6.909,7.16,0.027,0.601,2.2015503875969
2014-12-16,6.919,7.18,0.014,0.577,2.19767441860465
2014-12-17,6.999,7.25,0.027,0.601,2.19379844961241
2014-12-18,7.049,7.3,0.027,0.601,2.18992248062016
2014-12-19,7.088,7.34,0.027,0.624,2.18604651162791
2014-12-22,7.118,7.37,0.027,0.624,2.18217054263566
2014-12-23,7.258,7.52,0.027,0.624,2.17829457364341
2014-12-24,7.378,7.64,0.027,0.624,2.17441860465116
2014-12-26,7.378,7.64,0.027,0.624,2.17054263565892
2014-12-29,7.258,7.52,0.027,0.624,2.16666666666667
2014-12-30,7.218,7.48,0.027,0.601,2.16279069767442
2014-12-31,7.258,7.52,0.027,0.566,2.15891472868217
2015-01-02,7.019,7.27,0.027,0.566,2.15503875968992
2015-01-05,6.919,7.16,0.027,0.566,2.15116279069768
2015-01-06,6.789,7.03,0.027,0.554,2.14728682170543
2015-01-07,6.799,7.045,0.027,0.531,2.14341085271318
2015-01-08,6.829,7.06,0.027,0.526,2.13953488372093
2015-01-09,6.729,6.96,0.027,0.52,2.13565891472868
2015-01-12,6.729,6.96,0.055,0.531,2.13178294573644
2015-01-13,7.308,7.56,0.055,0.531,2.12790697674419
2015-01-14,7.178,7.43,0.055,0.531,2.12403100775194
2015-01-15,7.138,7.38,0.055,0.531,2.12015503875969
2015-01-16,7.148,7.39,0.055,0.531,2.11627906976744
2015-01-19,7.228,7.47,0.055,0.531,2.1124031007752
2015-01-20,7.178,7.42,0.055,0.52,2.10852713178295
2015-01-21,7.338,7.59,0.055,0.52,2.1046511627907
2015-01-22,6.769,6.99,0.055,0.52,2.10077519379845
2015-01-23,6.809,7.03,0.055,0.52,2.0968992248062
2015-01-26,6.859,7.08,0.082,0.531,2.09302325581396
2015-01-27,6.839,7.06,0.082,0.543,2.08914728682171
2015-01-28,6.949,7.18,0.082,0.543,2.08527131782946
2015-01-29,7.058,7.27,0.055,0.531,2.08139534883721
2015-01-30,7.078,7.31,0.055,0.52,2.07751937984496
2015-02-02,7.128,7.36,0.082,0.52,2.07364341085271
2015-02-03,7.058,7.29,0.082,0.52,2.06976744186047
2015-02-04,6.929,7.15,0.082,0.52,2.06589147286822
2015-02-05,6.999,7.22,0.082,0.508,2.06201550387597
2015-02-06,6.949,7.17,0.082,0.497,2.05813953488372
2015-02-09,6.919,7.14,0.082,0.485,2.05426356589147
2015-02-10,7.108,7.35,0.082,0.485,2.05038759689923
2015-02-11,7.238,7.48,0.082,0.485,2.04651162790698
2015-02-12,7.398,7.64,0.082,0.52,2.04263565891473
2015-02-13,7.638,7.88,0.082,0.508,2.03875968992248
2015-02-16,7.648,7.89,0.055,0.497,2.03488372093023
2015-02-17,7.468,7.7,0.055,0.485,2.03100775193799
2015-02-18,7.488,7.72,0.055,0.474,2.02713178294574
2015-02-19,7.338,7.56,0.055,0.462,2.02325581395349
2015-02-20,7.318,7.53,0.055,0.45,2.01937984496124
2015-02-23,7.697,7.92,0.055,0.474,2.01550387596899
2015-02-24,7.458,7.67,0.055,0.45,2.01162790697675
2015-02-25,7.378,7.6,0.055,0.45,2.0077519379845
2015-02-26,7.049,7.26,0.055,0.45,2.00387596899225
2015-02-27,7.088,7.29,0.055,0.45,2
2015-03-02,6.939,7.14,0.055,0.45,1.99612403100775
2015-03-03,6.719,6.91,0.055,0.462,1.99224806201551
2015-03-04,7.009,7.22,0.055,0.45,1.98837209302326
2015-03-05,6.739,6.92,0.055,0.45,1.98449612403101
2015-03-06,6.789,6.96,0.055,0.474,1.98062015503876
2015-03-09,6.669,6.84,0.055,0.462,1.97674418604651
2015-03-10,6.809,6.97,0.055,0.45,1.97286821705427
2015-03-11,6.749,6.91,0.055,0.439,1.96899224806202
2015-03-12,6.4,6.57,0.055,0.439,1.96511627906977
2015-03-13,6.449,6.61,0.055,0.462,1.96124031007752
2015-03-16,6.479,6.65,0.055,0.474,1.95736434108527
2015-03-17,6.719,6.88,0.055,0.474,1.95348837209303
2015-03-18,6.729,6.89,0.055,0.45,1.94961240310078
2015-03-19,6.659,6.82,0.055,0.462,1.94573643410853
2015-03-20,7.029,7.19,0.055,0.474,1.94186046511628
2015-03-23,7.029,7.19,0.395,0.474,1.93798449612403
2015-03-24,7.019,7.18,0.395,0.462,1.93410852713178
2015-03-25,6.959,7.11,0.396,0.474,1.93023255813954
2015-03-26,6.939,7.09,0.396,0.474,1.92635658914729
2015-03-27,6.749,6.91,0.399,0.497,1.92248062015504
2015-03-30,6.869,7.04,0.398,0.485,1.91860465116279
2015-03-31,6.909,7.08,0.399,0.497,1.91472868217054
2015-04-01,7.128,7.3,0.399,0.497,1.9108527131783
2015-04-02,7.138,7.3,0.402,0.497,1.90697674418605
2015-04-06,7.138,7.3,0.402,0.497,1.9031007751938
2015-04-07,7.098,7.26,0.405,0.52,1.89922480620155
2015-04-08,7.108,7.27,0.405,0.52,1.8953488372093
2015-04-09,6.999,7.16,0.412,0.577,1.89147286821706
2015-04-10,6.929,7.09,0.416,0.612,1.88759689922481
2015-04-13,6.789,6.96,0.416,0.601,1.88372093023256
2015-04-14,6.789,6.95,0.415,0.589,1.87984496124031
2015-04-15,6.839,7,0.418,0.612,1.87596899224806
2015-04-16,6.859,7.02,0.415,0.589,1.87209302325582
2015-04-17,6.829,6.99,0.414,0.577,1.86821705426357
2015-04-20,7.118,7.28,0.415,0.589,1.86434108527132
2015-04-21,7.068,7.23,0.414,0.554,1.86046511627907
2015-04-22,7.078,7.23,0.414,0.577,1.85658914728682
2015-04-23,7.238,7.39,0.414,0.577,1.85271317829458
2015-04-24,7.268,7.42,0.414,0.577,1.84883720930233
2015-04-27,7.148,7.29,0.412,0.566,1.84496124031008
2015-04-28,7.338,7.49,0.411,0.554,1.84108527131783
2015-04-29,7.448,7.6,0.412,0.577,1.83720930232558
2015-04-30,7.378,7.53,0.412,0.577,1.83333333333333
2015-05-01,7.468,7.62,0.411,0.566,1.82945736434109
2015-05-04,7.568,7.72,0.409,0.554,1.82558139534884
2015-05-05,7.538,7.7,0.402,0.497,1.82170542635659
2015-05-06,7.518,7.67,0.405,0.52,1.81782945736434
2015-05-07,7.418,7.57,0.405,0.52,1.81395348837209
2015-05-08,7.518,7.67,0.405,0.52,1.81007751937985
2015-05-11,7.608,7.76,0.405,0.52,1.8062015503876
2015-05-12,7.578,7.73,0.408,0.543,1.80232558139535
2015-05-13,7.628,7.79,0.408,0.531,1.7984496124031
2015-05-14,7.538,7.69,0.406,0.52,1.79457364341085
2015-05-15,7.578,7.72,0.406,0.52,1.79069767441861
2015-05-18,7.588,7.73,0.405,0.508,1.78682170542636
2015-05-19,7.358,7.5,0.408,0.531,1.78294573643411
2015-05-20,7.338,7.47,0.406,0.52,1.77906976744186
2015-05-21,7.288,7.44,0.405,0.508,1.77519379844961
2015-05-22,7.288,7.44,0.402,0.485,1.77131782945737
2015-05-25,7.348,7.49,0.402,0.485,1.76744186046512
2015-05-26,7.208,7.36,0.401,0.474,1.76356589147287
2015-05-27,7.158,7.31,0.401,0.474,1.75968992248062
2015-05-28,7.168,7.33,0.401,0.474,1.75581395348837
2015-05-29,7.308,7.47,0.401,0.474,1.75193798449613
2015-06-01,7.228,7.38,0.401,0.474,1.74806201550388
2015-06-02,7.428,7.59,0.401,0.474,1.74418604651163
2015-06-03,7.468,7.63,0.402,0.474,1.74031007751938
2015-06-04,7.378,7.54,0.402,0.462,1.73643410852713
2015-06-05,7.388,7.55,0.401,0.462,1.73255813953489
2015-06-08,7.428,7.59,0.399,0.45,1.72868217054264
2015-06-09,7.548,7.71,0.399,0.462,1.72480620155039
2015-06-10,7.568,7.73,0.399,0.462,1.72093023255814
2015-06-11,7.488,7.65,0.399,0.462,1.71705426356589
2015-06-12,7.598,7.76,0.399,0.462,1.71317829457364
2015-06-15,7.498,7.66,0.398,0.45,1.7093023255814
2015-06-16,7.398,7.56,0.398,0.439,1.70542635658915
2015-06-17,7.448,7.61,0.398,0.439,1.7015503875969
2015-06-18,7.438,7.59,0.398,0.439,1.69767441860465
2015-06-19,7.398,7.55,0.398,0.427,1.6937984496124
2015-06-22,7.448,7.61,0.399,0.439,1.68992248062016
2015-06-23,7.468,7.64,0.399,0.439,1.68604651162791
2015-06-24,7.468,7.63,0.399,0.439,1.68217054263566
2015-06-25,7.568,7.74,0.398,0.427,1.67829457364341
2015-06-26,7.508,7.68,0.398,0.427,1.67441860465116
2015-06-29,7.348,7.5,0.398,0.427,1.67054263565892
2015-06-30,7.428,7.59,0.398,0.427,1.66666666666667
2015-07-01,7.468,7.62,0.402,0.462,1.66279069767442
2015-07-02,7.428,7.58,0.401,0.45,1.65891472868217
2015-07-03,7.418,7.57,0.401,0.45,1.65503875968992
2015-07-06,7.358,7.51,0.401,0.45,1.65116279069768
2015-07-07,7.448,7.59,0.403,0.474,1.64728682170543
2015-07-08,7.438,7.58,0.405,0.485,1.64341085271318
2015-07-09,7.468,7.61,0.405,0.485,1.63953488372093
2015-07-10,7.598,7.74,0.405,0.485,1.63565891472868
2015-07-13,7.767,7.92,0.403,0.474,1.63178294573644
2015-07-14,7.707,7.85,0.403,0.462,1.62790697674419
2015-07-15,7.737,7.89,0.403,0.462,1.62403100775194
2015-07-16,7.638,7.79,0.403,0.45,1.62015503875969
2015-07-17,7.717,7.87,0.403,0.45,1.61627906976744
2015-07-20,7.957,8.12,0.406,0.474,1.6124031007752
2015-07-21,7.937,8.1,0.406,0.474,1.60852713178295
2015-07-22,7.937,8.09,0.406,0.474,1.6046511627907
2015-07-23,8.057,8.22,0.406,0.462,1.60077519379845
2015-07-24,7.987,8.15,0.403,0.45,1.5968992248062
2015-07-27,7.997,8.16,0.408,0.485,1.59302325581395
2015-07-28,7.997,8.16,0.408,0.497,1.58914728682171
2015-07-29,8.037,8.2,0.408,0.497,1.58527131782946
2015-07-30,7.857,8.01,0.406,0.485,1.58139534883721
2015-07-31,7.847,8,0.403,0.462,1.57751937984496
2015-08-03,7.927,8.09,0.406,0.485,1.57364341085271
2015-08-04,7.877,8.04,0.406,0.485,1.56976744186047
2015-08-05,7.807,7.96,0.403,0.462,1.56589147286822
2015-08-06,7.817,7.97,0.405,0.474,1.56201550387597
2015-08-07,7.757,7.91,0.408,0.497,1.55813953488372
2015-08-10,7.897,8.05,0.408,0.497,1.55426356589147
2015-08-11,8.067,8.22,0.408,0.497,1.55038759689923
2015-08-12,8.167,8.32,0.408,0.497,1.54651162790698
2015-08-13,8.167,8.32,0.411,0.52,1.54263565891473
2015-08-14,8.296,8.45,0.411,0.52,1.53875968992248
2015-08-17,8.217,8.37,0.411,0.52,1.53488372093023
2015-08-18,8.247,8.4,0.411,0.52,1.53100775193799
2015-08-19,8.316,8.47,0.411,0.52,1.52713178294574
2015-08-20,8.336,8.49,0.412,0.531,1.52325581395349
2015-08-21,8.177,8.33,0.411,0.52,1.51937984496124
2015-08-24,8.147,8.3,0.411,0.52,1.51550387596899
2015-08-25,8.217,8.38,0.412,0.531,1.51162790697675
2015-08-26,8.067,8.23,0.412,0.531,1.5077519379845
2015-08-27,8.017,8.17,0.415,0.566,1.50387596899225
2015-08-28,8.077,8.24,0.415,0.566,1.5
2015-08-31,8.037,8.2,0.415,0.566,1.49612403100775
2015-09-01,7.977,8.13,0.414,0.566,1.4922480620155
2015-09-02,8.087,8.24,0.415,0.577,1.48837209302326
2015-09-03,8.137,8.29,0.415,0.543,1.48449612403101
2015-09-04,8.057,8.21,0.415,0.554,1.48062015503876
2015-09-07,8.047,8.2,0.414,0.531,1.47674418604651
2015-09-08,8.207,8.36,0.416,0.554,1.47286821705426
2015-09-09,8.237,8.4,0.415,0.566,1.46899224806202
2015-09-10,8.247,8.41,0.414,0.554,1.46511627906977
2015-09-11,8.227,8.39,0.415,0.566,1.46124031007752
2015-09-14,8.197,8.36,0.412,0.543,1.45736434108527
2015-09-15,8.137,8.3,0.414,0.554,1.45348837209302
2015-09-16,8.197,8.36,0.414,0.554,1.44961240310078
2015-09-17,8.197,8.35,0.414,0.554,1.44573643410853
2015-09-18,8.077,8.24,0.414,0.554,1.44186046511628
2015-09-21,7.947,8.11,0.414,0.543,1.43798449612403
2015-09-22,7.987,8.15,0.414,0.531,1.43410852713178
2015-09-23,8.037,8.2,0.414,0.531,1.43023255813954
2015-09-24,7.977,8.13,0.415,0.543,1.42635658914729
2015-09-25,8.017,8.12,0.415,0.543,1.42248062015504
2015-09-28,7.907,8.04,0.414,0.543,1.41860465116279
2015-09-29,7.967,8.09,0.414,0.543,1.41472868217054
2015-09-30,8.137,8.27,0.411,0.52,1.4108527131783
2015-10-01,8.157,8.29,0.416,0.554,1.40697674418605
2015-10-02,8.137,8.26,0.419,0.577,1.4031007751938
2015-10-05,8.197,8.32,0.429,0.624,1.39922480620155
2015-10-06,8.207,8.33,0.429,0.624,1.3953488372093
2015-10-07,8.097,8.22,0.428,0.601,1.39147286821706
2015-10-08,8.117,8.24,0.428,0.601,1.38759689922481
2015-10-09,8.336,8.46,0.426,0.612,1.38372093023256
2015-10-12,8.286,8.41,0.426,0.612,1.37984496124031
2015-10-13,8.316,8.44,0.424,0.589,1.37596899224806
2015-10-14,8.426,8.55,0.424,0.601,1.37209302325581
2015-10-15,8.416,8.54,0.424,0.601,1.36821705426357
2015-10-16,8.376,8.49,0.425,0.612,1.36434108527132
2015-10-19,8.336,8.45,0.425,0.601,1.36046511627907
2015-10-20,8.456,8.57,0.425,0.601,1.35658914728682
2015-10-21,8.436,8.56,0.425,0.601,1.35271317829457
2015-10-22,8.466,8.59,0.424,0.589,1.34883720930233
2015-10-23,8.616,8.74,0.425,0.589,1.34496124031008
2015-10-26,8.646,8.76,0.425,0.589,1.34108527131783
2015-10-27,8.596,8.71,0.428,0.612,1.33720930232558
2015-10-28,8.556,8.67,0.428,0.612,1.33333333333333
2015-10-29,8.666,8.78,0.428,0.612,1.32945736434109
2015-10-30,8.626,8.74,0.431,0.635,1.32558139534884
2015-11-02,8.586,8.7,0.431,0.624,1.32170542635659
2015-11-03,8.436,8.56,0.431,0.635,1.31782945736434
2015-11-04,8.386,8.5,0.431,0.635,1.31395348837209
2015-11-05,8.456,8.57,0.431,0.635,1.31007751937985
2015-11-06,8.396,8.51,0.431,0.647,1.3062015503876
2015-11-09,8.306,8.42,0.431,0.635,1.30232558139535
2015-11-10,8.426,8.54,0.431,0.635,1.2984496124031
2015-11-11,8.426,8.54,0.435,0.647,1.29457364341085
2015-11-12,8.356,8.47,0.434,0.635,1.29069767441861
2015-11-13,8.376,8.49,0.434,0.647,1.28682170542636
2015-11-16,8.516,8.63,0.434,0.647,1.28294573643411
2015-11-17,8.596,8.72,0.434,0.647,1.27906976744186
2015-11-18,8.566,8.69,0.437,0.67,1.27519379844961
2015-11-19,8.616,8.73,0.435,0.67,1.27131782945736
2015-11-20,8.496,8.61,0.435,0.67,1.26744186046512
2015-11-23,8.546,8.66,0.435,0.67,1.26356589147287
2015-11-24,8.636,8.75,0.431,0.67,1.25968992248062
2015-11-25,8.606,8.73,0.426,0.635,1.25581395348837
2015-11-26,8.566,8.68,0.426,0.635,1.25193798449612
2015-11-27,8.566,8.68,0.425,0.624,1.24806201550388
2015-11-30,8.566,8.68,0.428,0.624,1.24418604651163
2015-12-01,8.546,8.66,0.426,0.635,1.24031007751938
2015-12-02,8.466,8.59,0.424,0.612,1.23643410852713
2015-12-03,8.576,8.7,0.426,0.635,1.23255813953488
2015-12-04,8.506,8.63,0.425,0.624,1.22868217054264
2015-12-07,8.396,8.51,0.425,0.635,1.22480620155039
2015-12-08,8.396,8.52,0.424,0.624,1.22093023255814
2015-12-09,8.386,8.51,0.422,0.624,1.21705426356589
2015-12-10,8.346,8.46,0.421,0.612,1.21317829457364
2015-12-11,8.057,8.17,0.415,0.577,1.2093023255814
2015-12-14,8.077,8.18,0.415,0.566,1.20542635658915
2015-12-15,8.197,8.29,0.415,0.566,1.2015503875969
2015-12-16,8.147,8.23,0.415,0.566,1.19767441860465
2015-12-17,8.087,8.17,0.414,0.566,1.1937984496124
2015-12-18,8.077,8.16,0.414,0.566,1.18992248062016
2015-12-21,8.207,8.29,0.414,0.566,1.18604651162791
2015-12-22,8.267,8.35,0.412,0.554,1.18217054263566
2015-12-23,8.237,8.32,0.412,0.554,1.17829457364341
2015-12-24,8.197,8.29,0.412,0.554,1.17441860465116
2015-12-28,8.316,8.41,0.412,0.554,1.17054263565892
2015-12-29,8.286,8.37,0.412,0.554,1.16666666666667
2015-12-30,8.227,8.31,0.414,0.566,1.16279069767442
2015-12-31,8.237,8.32,0.414,0.566,1.15891472868217
2016-01-04,8.057,8.14,0.411,0.543,1.15503875968992
2016-01-05,8.007,8.09,0.411,0.543,1.15116279069767
2016-01-06,7.757,7.84,0.408,0.543,1.14728682170543
2016-01-07,7.548,7.63,0.408,0.543,1.14341085271318
2016-01-08,7.408,7.48,0.408,0.543,1.13953488372093
2016-01-11,7.128,7.19,0.406,0.531,1.13565891472868
2016-01-12,7.098,7.18,0.403,0.508,1.13178294573643
2016-01-13,7.238,7.32,0.405,0.52,1.12790697674419
2016-01-14,7.088,7.16,0.405,0.52,1.12403100775194
2016-01-15,6.669,6.74,0.405,0.52,1.12015503875969
2016-01-18,6.719,6.78,0.405,0.52,1.11627906976744
2016-01-19,6.809,6.88,0.403,0.508,1.11240310077519
2016-01-20,6.31,6.38,0.399,0.474,1.10852713178295
2016-01-21,6.17,6.23,0.399,0.474,1.1046511627907
2016-01-22,6.32,6.39,0.399,0.474,1.10077519379845
2016-01-25,5.87,5.93,0.399,0.462,1.0968992248062
2016-01-26,6.07,6.12,0.398,0.439,1.09302325581395
2016-01-27,5.9,5.95,0.398,0.439,1.08914728682171
2016-01-28,6.06,6.11,0.398,0.439,1.08527131782946
2016-01-29,6.04,6.09,0.398,0.439,1.08139534883721
2016-02-01,5.681,5.73,0.396,0.416,1.07751937984496
2016-02-02,5.811,5.86,0.396,0.416,1.07364341085271
2016-02-03,5.611,5.66,0.396,0.416,1.06976744186047
2016-02-04,5.591,5.64,0.396,0.416,1.06589147286822
2016-02-05,5.531,5.59,0.398,0.427,1.06201550387597
2016-02-08,5.221,5.27,0.396,0.416,1.05813953488372
2016-02-09,4.942,4.99,0.396,0.416,1.05426356589147
2016-02-10,4.862,4.91,0.396,0.416,1.05038759689923
2016-02-11,4.722,4.77,0.396,0.416,1.04651162790698
2016-02-12,5.042,5.09,0.398,0.427,1.04263565891473
2016-02-15,4.782,4.83,0.398,0.427,1.03875968992248
2016-02-16,4.672,4.72,0.398,0.427,1.03488372093023
2016-02-17,5.072,5.12,0.395,0.404,1.03100775193798
2016-02-18,5.241,5.28,0.395,0.404,1.02713178294574
2016-02-19,5.152,5.19,0.395,0.404,1.02325581395349
2016-02-22,5.401,5.44,0.395,0.404,1.01937984496124
2016-02-23,4.892,4.92,0.395,0.404,1.01550387596899
2016-02-24,4.852,4.88,0.395,0.404,1.01162790697674
2016-02-25,5.062,5.1,0.395,0.404,1.0077519379845
2016-02-26,4.982,5.02,0.395,0.404,1.00387596899225
2016-02-29,4.992,5.03,0.395,0.404,1
